k,period_cat,idens,ivscores,rel_ivscores
4,2,1,3608.68549456522,1.16281092771737
4,2,2,4194.81257065217,1.35167608932023
4,2,3,2947.38845652174,0.949724078375091
4,2,4,3237.29096195652,1.04313809347835
4,2,5,3528.95657608696,1.13712022737753
4,2,6,3652.65394565217,1.17697868921272
4,2,7,3356.38589130435,1.08151353115224
4,2,8,3952.4355,1.27357598699573
4,2,9,3446.11273369565,1.11042581874264
4,2,10,3021.93085326087,0.973743548522059
4,2,11,3216.42367391304,1.03641411861123
4,2,12,3011.21298369565,0.970289976335994
4,2,13,3994.87684782609,1.28725167669314
4,2,14,3812.14102717391,1.22836951324062
4,2,15,3608.82411413043,1.16285559449298
4,2,16,3956.07183152174,1.27474770618175
4,2,17,3830.88730978261,1.23441004581246
4,2,18,3804.94134782609,1.2260495920853
4,2,19,3236.52686956522,1.04289188333237
4,2,20,2867.96347826087,0.924131315360817
4,2,21,3364.6625,1.0841804665364
4,2,22,3502.60380434783,1.12862868911517
4,2,23,3665.43223913044,1.18109618277553
4,2,24,3740.96367934783,1.20543434807237
4,2,25,2868.2930923913,0.924237525478983
4,2,26,3256.06023369565,1.04918603373704
4,2,27,3747.35621195652,1.2074941858677
4,2,28,3590.85007065217,1.15706389715519
4,2,29,4743.97822282609,1.5286313331165
4,2,30,3079.0794673913,0.992158296250796
4,2,31,4100.67233152174,1.32134169222088
4,2,32,3913.54471195652,1.26104437863235
4,2,33,3476.57643478261,1.12024200377068
4,2,34,2998.26811956522,0.966118809441191
4,2,35,3390.40429347826,1.09247513194868
4,2,36,4889.80532065217,1.57562056040296
4,2,37,4822.31013043478,1.5538718807601
4,2,38,3369.16078804348,1.08562993019868
4,2,39,3266.10566304348,1.05242292845587
4,2,40,4255.4178423913,1.37120466069661
4,2,41,4229.61047282609,1.36288886498893
4,2,42,3330.17472826087,1.07306762283991
4,2,43,3397.85813586957,1.09487695094874
4,2,44,3287.90025543478,1.05944570454315
4,2,45,3662.44552717391,1.18013378765792
4,2,46,3604.06008695652,1.16132050287413
4,2,47,3041.08877717391,0.979916722469197
4,2,48,4140.46316847826,1.334163319405
4,2,49,3456.87909782609,1.11389501712014
4,2,50,3249.41244565217,1.04704394610049
4,2,51,3634.02539673913,1.17097609345417
4,2,52,3384.16466847826,1.09046456490265
4,2,53,4100.00716847826,1.32112735964553
4,2,54,4388.35891304348,1.41404167986318
4,2,55,4349.55536956522,1.40153818393408
4,2,56,3699.75997282609,1.19215745811393
4,2,57,3669.0194076087,1.18225206036929
4,2,58,3678.00069021739,1.18514605974331
4,2,59,4185.34404347826,1.34862508726316
4,2,60,2978.56891847826,0.95977122212007
4,2,61,3532.35509782609,1.13821531815845
4,2,62,3248.6819673913,1.0468085672886
4,2,63,4799.54907608696,1.54653768586784
4,2,64,2547.37138043478,0.820828327263506
4,2,65,3482.4314076087,1.12212862603075
4,2,66,3367.63926086957,1.08513965515883
4,2,67,2907.78680434783,0.936963411375199
4,2,68,3268.76748913044,1.05328063702212
4,2,69,3232.19332608696,1.04149550459007
4,2,70,4057.48610869565,1.30742598471336
4,2,71,3540.68695108696,1.14090005475699
4,2,72,2614.42019021739,0.842433171693169
4,2,73,4468.64132608696,1.43991073033351
4,2,74,3255.58283695652,1.04903220427588
4,2,75,2828.12236413043,0.911293487583064
4,2,76,3221.61393478261,1.03808655364773
4,2,77,3476.122,1.12009557324024
4,2,78,2883.20792934783,0.929043468092792
4,2,79,3078.30986956522,0.991910312112675
4,2,80,2982.2947173913,0.960971769991889
4,2,81,3204.779,1.03266190631781
4,2,82,2729.3465,0.87946537333521
4,2,83,4215.50048913044,1.35834226671764
4,2,84,3175.68076630435,1.02328570986912
4,2,85,3238.22373369565,1.04343865643207
4,2,86,2759.14049456522,0.889065761762786
4,2,87,3936.25908152174,1.2683635304915
4,2,88,3807.1732173913,1.22676875764395
4,2,89,3610.50125543478,1.16339601239278
4,2,90,3552.35595108696,1.14466010553891
4,2,91,3943.72057065217,1.27076781346684
4,2,92,4124.06578804348,1.32887966329692
4,2,93,3249.0740326087,1.0469349007471
4,2,94,3821.82636413044,1.23149037696471
4,2,95,3211.22484782609,1.03473892364222
4,2,96,2886.99321195652,0.930263183135435
4,2,97,3576.92604347826,1.15257721883976
4,2,98,3185.89734782609,1.02657775420363
4,2,99,3080.85710326087,0.992731096074373
4,2,100,3298.21521195652,1.06276944782321
4,3,1,16159.0025163043,1.11151031010012
4,3,2,13781.212,0.947952029106976
4,3,3,13655.8640271739,0.939329865455119
4,3,4,10199.4365,0.701576648405289
4,3,5,17193.917298913,1.18269777663983
4,3,6,11950.6828858696,0.822037574842769
4,3,7,16697.4134347826,1.14854534901141
4,3,8,11722.4747119565,0.806340087457794
4,3,9,17654.7514293478,1.21439663222869
4,3,10,19384.986625,1.33341228662474
4,3,11,17168.2563043478,1.18093266397289
4,3,12,13866.4346521739,0.953814139497131
4,3,13,17307.1806630435,1.19048869051961
4,3,14,15276.340673913,1.05079568757561
4,3,15,22363.2411032609,1.53827397628341
4,3,16,12632.8108641304,0.868958310196309
4,3,17,14510.5220326087,0.998118220967277
4,3,18,16330.8320652174,1.12332974728406
4,3,19,11746.7053695652,0.808006813217963
4,3,20,10759.2173423913,0.740081635151016
4,3,21,15965.2900652174,1.09818563944915
4,3,22,10575.6320706522,0.72745357088067
4,3,23,12511.4201956522,0.86060835298655
4,3,24,13709.4931521739,0.943018789031868
4,3,25,12771.5219184783,0.878499664427605
4,3,26,11526.3323206522,0.792848271365649
4,3,27,18113.8570217391,1.24597658890316
4,3,28,13606.6187228261,0.935942486596096
4,3,29,19638.6410217391,1.35086011342552
4,3,30,16879.8126576087,1.16109182992946
4,3,31,13542.198826087,0.931511310889001
4,3,32,11092.0476902174,0.76297564502258
4,3,33,18425.8011521739,1.26743392309217
4,3,34,11935.4532336957,0.820989990662157
4,3,35,11037.661,0.75923461169779
4,3,36,14600.635451087,1.00431674674979
4,3,37,17788.4724891304,1.2235947455699
4,3,38,18313.6115217391,1.25971686686987
4,3,39,17503.7803804348,1.20401196416368
4,3,40,10976.6810652174,0.755040056609894
4,3,41,14544.5670978261,1.00046003884613
4,3,42,23993.5129836957,1.65041357162918
4,3,43,11820.8868206522,0.813109445488621
4,3,44,11963.0222336957,0.822886347055953
4,3,45,11949.6139728261,0.821964048777826
4,3,46,10938.4181630435,0.752408111338659
4,3,47,17321.9048641304,1.19150150683049
4,3,48,27291.6697880435,1.87728000652579
4,3,49,13580.0011141304,0.934111572437528
4,3,50,11425.2126086957,0.785892668612285
4,3,51,14999.319,1.03174052334967
4,3,52,18092.0384293478,1.24447577903755
4,3,53,9962.38816304348,0.685271083117246
4,3,54,15854.5315923913,1.09056702658286
4,3,55,13939.5968315217,0.958846660320892
4,3,56,27418.8277934783,1.88602667476289
4,3,57,13231.1939293478,0.910118582664077
4,3,58,13691.365798913,0.941771884093029
4,3,59,19232.4950869565,1.32292303046135
4,3,60,16528.8488478261,1.13695049492739
4,3,61,10703.6141467391,0.736256923496967
4,3,62,20286.6468369565,1.39543372766267
4,3,63,17809.7590054348,1.2250589561432
4,3,64,11886.4102282609,0.81761652710065
4,3,65,19714.3637119565,1.35606876110041
4,3,66,19351.5899945652,1.331115071867
4,3,67,14480.5097282609,0.996053799869575
4,3,68,11236.3596847826,0.77290226454433
4,3,69,20685.2341195652,1.42285088250545
4,3,70,18418.1968586957,1.26691085549604
4,3,71,16440.5620597826,1.13087761542527
4,3,72,10845.7015326087,0.746030521475546
4,3,73,10797.8342771739,0.742737932847116
4,3,74,12027.2717391304,0.827305802256701
4,3,75,12571.7727228261,0.864759751324827
4,3,76,13067.4710652174,0.898856770476321
4,3,77,10805.2635326087,0.743248960307121
4,3,78,13442.9372717391,0.924683523038678
4,3,79,26631.9010978261,1.83189727323406
4,3,80,21045.2928152174,1.44761781673018
4,3,81,13213.2631413043,0.908885198625772
4,3,82,23338.2720217391,1.60534228185868
4,3,83,10541.7894619565,0.725125679140573
4,3,84,15238.2933695652,1.04817857237859
4,3,85,21387.7252228261,1.47117231220015
4,3,86,15487.8542065217,1.06534482029485
4,3,87,16023.060173913,1.10215940400337
4,3,88,15854.4400869565,1.09056073230609
4,3,89,21720.7691847826,1.49408101569579
4,3,90,13222.7670597826,0.909538933493643
4,3,91,14902.8193043478,1.0251027122267
4,3,92,11094.0338532609,0.763112264884984
4,3,93,12507.0281413044,0.86030624190728
4,3,94,17390.6859076087,1.19623266761151
4,3,95,18520.4076304348,1.27394150769606
4,3,96,17315.5948043478,1.19106746416612
4,3,97,18536.9491467391,1.27507932953242
4,3,98,24599.7719945652,1.69211559751182
4,3,99,20794.2243695652,1.43034786670687
4,3,100,13114.0060815217,0.902057719937822
4,4,1,86145.6975163044,1.53347653437544
4,4,2,60393.2981521739,1.07505897821966
4,4,3,88590.7352826087,1.57700056573614
4,4,4,91996.027951087,1.63761806086762
4,4,5,42754.6805652174,0.761074566365541
4,4,6,71542.2292554348,1.27352070902152
4,4,7,71617.5104184783,1.27486078635952
4,4,8,43989.7975434783,0.783060840294233
4,4,9,75736.6236630435,1.34818497648265
4,4,10,48529.9512228261,0.863879956401807
4,4,11,93262.6466956522,1.66016509663134
4,4,12,74616.6466413044,1.32824830487405
4,4,13,101768.447913043,1.81157656521296
4,4,14,54587.6963641304,0.971713664796343
4,4,15,40871.1984728261,0.727546767823405
4,4,16,46403.9177880435,0.826034509936885
4,4,17,61659.9478152174,1.09760656436213
4,4,18,88684.0067282609,1.57866088746269
4,4,19,62212.3314184783,1.10743952547332
4,4,20,103078.348972826,1.83489406794895
4,4,21,50869.1236847826,0.905519483199865
4,4,22,97585.4655271739,1.73711544274979
4,4,23,63923.0507880435,1.13789198085721
4,4,24,62510.5298206522,1.11274774475189
4,4,25,67994.6038206522,1.21036955331855
4,4,26,78068.1334130435,1.38968809961444
4,4,27,65855.4095108696,1.17228983058022
4,4,28,57471.7892826087,1.02305330149274
4,4,29,76576.0300054348,1.36312721928728
4,4,30,57294.2573641304,1.01989306205028
4,4,31,61759.4238532609,1.09937733381981
4,4,32,67377.993076087,1.19939328712191
4,4,33,80959.5617826087,1.44115831441787
4,4,34,70645.0964619565,1.25755087968956
4,4,35,57660.8968152174,1.02641959803557
4,4,36,46254.4415271739,0.823373688269659
4,4,37,68767.8350543478,1.22413381533865
4,4,38,83861.2551304348,1.49281125573862
4,4,39,53864.0592934783,0.958832226729871
4,4,40,60969.7173858696,1.08531979674362
4,4,41,63995.4206467391,1.13918023416882
4,4,42,62297.5643478261,1.1089567538536
4,4,43,71645.3596576087,1.27535652968667
4,4,44,70869.3167173913,1.26154221657758
4,4,45,76021.758201087,1.35326064637489
4,4,46,72976.9104076087,1.29905941779746
4,4,47,83161.4954130435,1.4803548575985
4,4,48,54203.4654782609,0.96487398429864
4,4,49,67346.3034728261,1.19882918160782
4,4,50,81034.7888532609,1.44249742885911
4,4,51,58931.0605706522,1.04902973841321
4,4,52,65836.4292771739,1.17195196410716
4,4,53,65348.793625,1.16327157899806
4,4,54,73903.874875,1.31556027970847
4,4,55,46421.348,0.826344784527434
4,4,56,70075.1427119565,1.24740515301367
4,4,57,64543.3030434783,1.14893306946089
4,4,58,61299.334875,1.09118730608506
4,4,59,81597.9975543478,1.45252308715632
4,4,60,66951.5499130435,1.19180218736155
4,4,61,64306.2777717391,1.14471379092759
4,4,62,58722.2791086957,1.04531322694539
4,4,63,75162.5147608696,1.33796528408893
4,4,64,89751.0096902174,1.59765456969458
4,4,65,77616.0697826087,1.38164093081433
4,4,66,67716.3259945652,1.20541593951491
4,4,67,68735.151798913,1.22355202185713
4,4,68,68835.3707554348,1.22533601598053
4,4,69,52137.8363097826,0.928103792055628
4,4,70,48019.5699402174,0.854794677124607
4,4,71,86065.1249347826,1.53204226468304
4,4,72,57639.9078478261,1.02604597416458
4,4,73,64992.0704347826,1.15692156202406
4,4,74,55850.4996467391,0.994192781655849
4,4,75,81686.2117771739,1.45409338543704
4,4,76,55891.3578695652,0.994920097444641
4,4,77,78726.1829891304,1.40140201699486
4,4,78,89499.3592554348,1.59317494914787
4,4,79,66756.1022282609,1.18832302999266
4,4,80,76976.4022065218,1.37025423076998
4,4,81,53721.7909293478,0.956299712579217
4,4,82,64186.1113586957,1.14257471283159
4,4,83,57872.93,1.03019399330716
4,4,84,61764.6772445652,1.09947084925381
4,4,85,88394.399576087,1.57350560072348
4,4,86,47002.6625489131,0.836692744385563
4,4,87,54211.7305326087,0.965021110240656
4,4,88,68912.2330434783,1.2267042388691
4,4,89,57579.5331413044,1.02497124613532
4,4,90,56941.7171413044,1.01361750593182
4,4,91,67844.3251902174,1.20769444869889
4,4,92,79889.8357771739,1.42211615938471
4,4,93,52063.1457391304,0.926774227832034
4,4,94,62696.6693152174,1.1160612073538
4,4,95,74791.977701087,1.3313693669082
4,4,96,63370.0517119565,1.12804806373587
4,4,97,61477.4629347826,1.09435815741792
4,4,98,56188.6904836957,1.00021290486067
4,4,99,67211.7831630435,1.19643459030035
4,4,100,95808.1008804348,1.7054766371288
4,5,1,179327.045701087,1.24493127246396
4,5,2,195808.413543478,1.35934887277493
4,5,3,222948.006353261,1.54775842181281
4,5,4,162146.557413044,1.1256602106876
4,5,5,151258.647228261,1.05007373220733
4,5,6,226791.70986413,1.57444233156024
4,5,7,258013.836119565,1.79119380491579
4,5,8,176968.651820652,1.22855873767389
4,5,9,245405.113380435,1.70366103381368
4,5,10,195796.403625,1.35926549704633
4,5,11,170788.942842391,1.18565771885832
4,5,12,178543.483228261,1.23949159423507
4,5,13,190599.122070652,1.32318472454761
4,5,14,177293.488641304,1.23081383263124
4,5,15,194269.366581522,1.34866444040033
4,5,16,225265.776103261,1.56384893416617
4,5,17,164221.830625,1.1400672540333
4,5,18,184220.076576087,1.27889986392546
4,5,19,197463.70363587,1.37084029278334
4,5,20,188101.038201087,1.30584242841877
4,5,21,175295.901733696,1.21694610620423
4,5,22,224666.651836957,1.5596896701115
4,5,23,171210.220663044,1.18858233032044
4,5,24,191303.208456522,1.32807266075856
4,5,25,159830.288793478,1.109580119541
4,5,26,165251.629005435,1.14721636086837
4,5,27,175374.197478261,1.21748965400278
4,5,28,167131.37713587,1.16026602230001
4,5,29,180475.41073913,1.25290349741461
4,5,30,149780.389309783,1.03981131192217
4,5,31,172172.975282609,1.1952660033209
4,5,32,271481.712358696,1.88469102524983
4,5,33,166631.10723913,1.15679302893925
4,5,34,238350.480684783,1.6546860851425
4,5,35,161731.777059783,1.12278070619925
4,5,36,241327.764201087,1.67535509991352
4,5,37,157778.54025,1.09533639007441
4,5,38,205889.360869565,1.42933322194682
4,5,39,191308.733945652,1.32811102002661
4,5,40,158916.557380435,1.10323677737371
4,5,41,150597.317309783,1.0454826216266
4,5,42,152962.312646739,1.06190098530787
4,5,43,158240.020184783,1.09854009423504
4,5,44,239295.323440217,1.66124540969504
4,5,45,242195.580592391,1.68137968901032
4,5,46,210903.831711957,1.46414487872812
4,5,47,169814.966527174,1.17889614216077
4,5,48,178234.21401087,1.2373445733056
4,5,49,163291.508358696,1.13360873419172
4,5,50,162282.163967391,1.12660162384476
4,5,51,142958.452206522,0.992451791748131
4,5,52,197026.625125,1.3678059891479
4,5,53,246653.928451087,1.71233060693301
4,5,54,190753.154820652,1.32425405676523
4,5,55,233411.954836957,1.6204016566906
4,5,56,151038.937266304,1.04854845306474
4,5,57,293667.441847826,2.03870966942848
4,5,58,134608.228451087,0.934482539845437
4,5,59,180278.506771739,1.2515365429448
4,5,60,159865.565657609,1.10982501997517
4,5,61,172742.03313587,1.19921653913995
4,5,62,136251.853418478,0.945892977764092
4,5,63,173045.170125,1.20132098867311
4,5,64,296540.618445652,2.05865594905385
4,5,65,147908.431092391,1.02681572993137
4,5,66,129203.631054348,0.896962531148628
4,5,67,258521.400168478,1.79471743602675
4,5,68,234073.725869565,1.6249958295912
4,5,69,167389.649532609,1.16205901109463
4,5,70,235222.089217391,1.63296804280796
4,5,71,189843.155407609,1.31793662303518
4,5,72,164385.217255435,1.14120152312771
4,5,73,190005.657429348,1.3190647509643
4,5,74,153646.682086957,1.06665204176294
4,5,75,205988.972711957,1.43002475119839
4,5,76,234166.797706522,1.62564195655972
4,5,77,169249.195271739,1.17496842269046
4,5,78,190038.440880435,1.31929234152834
4,5,79,188897.251423913,1.31136993118206
4,5,80,202670.213875,1.40698513302066
4,5,81,151334.114717391,1.05059764557972
4,5,82,195139.68098913,1.3547063713242
4,5,83,169002.879684783,1.17325844093117
4,5,84,225264.447211957,1.56383970868467
4,5,85,196958.532826087,1.36733327611122
4,5,86,314596.656,2.18400528339609
4,5,87,162338.811342391,1.12699488348034
4,5,88,239852.635663044,1.66511440453634
4,5,89,235908.300934783,1.6377318887921
4,5,90,191817.070592391,1.3316400146966
4,5,91,191775.124744565,1.33134881658143
4,5,92,181141.424777174,1.25752712627448
4,5,93,200077.84963587,1.38898832000066
4,5,94,189864.964809783,1.31808802912507
4,5,95,140643.825173913,0.976383096891092
4,5,96,155291.052119565,1.07806765210266
4,5,97,266623.923440217,1.85096709188552
4,5,98,159128.560695652,1.10470855513009
4,5,99,188589.62275,1.30923429929807
4,5,100,235239.083505435,1.63308602122307
5,2,1,3704.90777717391,1.19381621257132
5,2,2,2962.62221195652,0.954632784693892
5,2,3,3481.35865217391,1.12178295674364
5,2,4,3106.35232065217,1.00094630835369
5,2,5,4050.77398913044,1.30526316781221
5,2,6,2981.62188586957,0.960754966436365
5,2,7,3247.79479891304,1.04652269887397
5,2,8,3691.54111413044,1.18950913125944
5,2,9,3741.05284782609,1.20546308044073
5,2,10,3654.18345652174,1.17747153680386
5,2,11,4242.8540923913,1.3671562985395
5,2,12,3637.92539673913,1.17223277337957
5,2,13,3762.30947826087,1.21231251140201
5,2,14,3148.79643478261,1.01462288942524
5,2,15,3719.71186413044,1.1985864686975
5,2,16,4124.20322282609,1.32892394830522
5,2,17,3382.79517391304,1.09002327866468
5,2,18,3152.76190217391,1.01590066462152
5,2,19,3420.05347826087,1.10202885895399
5,2,20,4686.57283695652,1.51013384695444
5,2,21,2766.67919021739,0.891494922657601
5,2,22,3471.65733152174,1.11865694266327
5,2,23,3142.5373423913,1.01260604948694
5,2,24,3362.11379347826,1.0833592079924
5,2,25,3019.18577173913,0.972859012921558
5,2,26,4070.48875,1.31161576889395
5,2,27,3106.08746195652,1.00086096409577
5,2,28,3570.39551086957,1.15047291390861
5,2,29,4197.30450543478,1.35247905455528
5,2,30,2510.44208695652,0.808928762706253
5,2,31,4289.02861956522,1.38203491427392
5,2,32,3397.04594021739,1.09461524069961
5,2,33,3469.41129891304,1.11793321340913
5,2,34,3333.72994021739,1.07421320322358
5,2,35,3191.15281521739,1.02827120045215
5,2,36,3334.64663043478,1.07450858429896
5,2,37,2760.06697282609,0.889364296796569
5,2,38,4723.68810869565,1.52209333847246
5,2,39,3257.93858695652,1.04979128728467
5,2,40,3542.01236956522,1.14132713855042
5,2,41,4265.46026086957,1.37444058523612
5,2,42,3435.35378804348,1.10695901078891
5,2,43,3143.17805978261,1.01281250504681
5,2,44,4105.70867391304,1.32296453078
5,2,45,2737.12965217391,0.881973304384769
5,2,46,3625.53102173913,1.16823898818717
5,2,47,4012.71433152174,1.29299937097005
5,2,48,3514.98433695652,1.13261801393443
5,2,49,3305.92272826087,1.06525300705766
5,2,50,3927.49003804348,1.26553792000328
5,2,51,3304.91110326087,1.06492703556291
5,2,52,4143.80807065217,1.33524113258817
5,2,53,3167.73577173913,1.02072562905437
5,2,54,3156.68898913044,1.01716607265832
5,2,55,3762.19725,1.21227634858086
5,2,56,2802.48248369565,0.903031661164599
5,2,57,3437.81892391304,1.10775334072755
5,2,58,4320.53433695652,1.39218686365365
5,2,59,3741.28938043478,1.20553929730766
5,2,60,3409.96184782609,1.09877707706119
5,2,61,3480.32817391304,1.12145091024518
5,2,62,3189.83720652174,1.02784727762202
5,2,63,3815.35036956522,1.22940364558853
5,2,64,3106.85233695652,1.00110742641832
5,2,65,3107.7401576087,1.0013935049801
5,2,66,3751.47335326087,1.20882083428493
5,2,67,3795.80738043478,1.22310639376225
5,2,68,3493.31271195652,1.12563486109128
5,2,69,3907.47332608696,1.25908802254475
5,2,70,3390.78581521739,1.09259806802833
5,2,71,3368.74851086957,1.08549708392992
5,2,72,3045.27491847826,0.981265604454339
5,2,73,3244.89904347826,1.04558961227813
5,2,74,3159.40192934783,1.01804025150704
5,2,75,3853.51815217391,1.24170228307606
5,2,76,3824.7218423913,1.23242337424801
5,2,77,3851.3036576087,1.24098871618759
5,2,78,3507.97455434783,1.13035928237398
5,2,79,2900.19711956522,0.934517820476119
5,2,80,3084.47315217391,0.993896279684189
5,2,81,4588.88789130435,1.47865725459168
5,2,82,3425.826625,1.10388911475231
5,2,83,3681.5615326087,1.18629345439733
5,2,84,4363.85876086957,1.40614710309236
5,2,85,3473.60769021739,1.11928539820689
5,2,86,4238.2217826087,1.36566364963898
5,2,87,3598.97841304348,1.15968305733722
5,2,88,3753.81582608696,1.2095756390481
5,2,89,4037.31973913044,1.3009278637388
5,2,90,3166.90860326087,1.02045909417705
5,2,91,4168.4487173913,1.34318098030764
5,2,92,4701.60381521739,1.51497721327227
5,2,93,2837.55169565217,0.914331859796731
5,2,94,3799.86211956522,1.22441293460019
5,2,95,3082.59834782609,0.993292169687275
5,2,96,2971.45085869565,0.957477600879918
5,2,97,3642.208875,1.17361301982606
5,2,98,3819.42479347826,1.23071652936779
5,2,99,3097.23876086957,0.998009685885041
5,2,100,3480.83639673913,1.12161467266137
5,3,1,14944.368923913,1.02796073706337
5,3,2,20079.5252717391,1.38118670004132
5,3,3,16049.85325,1.10400238783111
5,3,4,20250.0094021739,1.39291359150604
5,3,5,22285.0916521739,1.5328984018614
5,3,6,11899.8117826087,0.81853836406515
5,3,7,18602.8581032609,1.27961293144429
5,3,8,17216.9067391304,1.18427912423844
5,3,9,16676.2489456522,1.14708953217787
5,3,10,14592.1023586957,1.00372979095469
5,3,11,12731.4446793478,0.875742918493016
5,3,12,17375.2908315217,1.19517370461066
5,3,13,11374.9106358696,0.782432605940833
5,3,14,17855.1919130435,1.22818409614946
5,3,15,12156.5577173913,0.836198844859012
5,3,16,16967.9472065217,1.16715423753748
5,3,17,19598.1929565217,1.34807785991282
5,3,18,17556.1259836957,1.20761259963942
5,3,19,14213.3884130435,0.9776796399787
5,3,20,13541.9325652174,0.931492995915574
5,3,21,21568.9264347826,1.48363638695285
5,3,22,15052.789375,1.0354185271768
5,3,23,19508.6121467391,1.34191597005854
5,3,24,11523.3947934783,0.792646211137197
5,3,25,12083.3538804348,0.831163458582293
5,3,26,15397.7217826087,1.05914498720784
5,3,27,9963.42770108696,0.685342588598596
5,3,28,21774.8855923913,1.49780345740851
5,3,29,22189.9782173913,1.52635594583522
5,3,30,13767.4282065217,0.947003899508758
5,3,31,14290.2039021739,0.982963456727767
5,3,32,13715.6427826087,0.943441796431283
5,3,33,10488.978375,0.721493024985062
5,3,34,15764.724423913,1.08438956645908
5,3,35,16579.5822173913,1.1404402315792
5,3,36,9738.30382608696,0.669857257257152
5,3,37,19826.7977282609,1.36380262760623
5,3,38,20367.6353369565,1.40100458840477
5,3,39,11801.1940380435,0.811754861201501
5,3,40,15289.6018641304,1.05170786947768
5,3,41,18215.6875,1.25298108230274
5,3,42,12878.5161413043,0.885859350254273
5,3,43,9846.83944021739,0.677322968955464
5,3,44,13410.7593586957,0.922470138761446
5,3,45,10010.8639619565,0.688605530910531
5,3,46,12758.0175108696,0.877570752616761
5,3,47,13501.7445543478,0.928728630455586
5,3,48,12136.3888586957,0.834811513285757
5,3,49,11149.0751467391,0.766898325634749
5,3,50,21495.9816521739,1.47861881994302
5,3,51,9850.92496195652,0.67760399493653
5,3,52,16170.5063315217,1.11230160951397
5,3,53,13994.613548913,0.962631030584254
5,3,54,18351.9815923913,1.26235618381324
5,3,55,13997.7155869565,0.962844406828498
5,3,56,17665.9831467391,1.21516921516925
5,3,57,13663.7249565217,0.939870585961119
5,3,58,9868.33420652174,0.678801504176705
5,3,59,14308.5346413044,0.984224351731321
5,3,60,14037.4065,0.965574579004695
5,3,61,14525.3602826087,0.999138882226671
5,3,62,10051.1872119565,0.691379198905602
5,3,63,9565.04988586956,0.657939842143021
5,3,64,11897.3999184783,0.818372462002517
5,3,65,22324.3154565217,1.53559644358087
5,3,66,19617.9641195652,1.34943783566276
5,3,67,10738.7823858696,0.738675999819414
5,3,68,15168.4274347826,1.04337278645478
5,3,69,22083.0424565217,1.51900028136243
5,3,70,10243.2598206522,0.704591071645744
5,3,71,26032.2294076087,1.79064836163328
5,3,72,10722.8176847826,0.73757785469332
5,3,73,16926.7717119565,1.16432194719737
5,3,74,21032.9617554348,1.4467696146169
5,3,75,13114.0626195652,0.902061608953754
5,3,76,14102.3595543478,0.970042428397456
5,3,77,17359.0200163044,1.19405450317173
5,3,78,10828.6556304348,0.744858005041308
5,3,79,11711.4827391304,0.805583995544805
5,3,80,13770.444673913,0.947211389705145
5,3,81,11311.7706956522,0.778089473098324
5,3,82,18060.7470108696,1.24232337301984
5,3,83,13931.4963152174,0.958289459628564
5,3,84,12240.2228043478,0.841953816841581
5,3,85,18781.4033097826,1.29189431067347
5,3,86,16913.3262608696,1.16339709075948
5,3,87,19238.3188315217,1.32332362153256
5,3,88,11588.1834945652,0.797102755355412
5,3,89,17731.1338478261,1.21965065985591
5,3,90,17376.423423913,1.19525161091204
5,3,91,17206.2154945652,1.1835437181668
5,3,92,20028.2638804348,1.37766064297887
5,3,93,13709.9256793478,0.943048540770115
5,3,94,23200.6945543478,1.59587890234075
5,3,95,19153.8157065217,1.31751100441226
5,3,96,21217.395375,1.45945603319187
5,3,97,11173.3793913043,0.768570113134391
5,3,98,21007.4907065217,1.44501756751824
5,3,99,15213.6092391304,1.04648065411622
5,3,100,11532.1693532609,0.793249776465881
5,4,1,49485.0865271739,0.880882286391575
5,4,2,56060.422326087,0.997929607894353
5,4,3,46355.4626684783,0.82517196205619
5,4,4,60468.6064130435,1.07639953792511
5,4,5,67867.7443804348,1.20811133288101
5,4,6,81415.2802119565,1.449270542165
5,4,7,105499.64676087,1.87799550479084
5,4,8,68338.1282826087,1.21648462019458
5,4,9,63610.7628369565,1.13233295401354
5,4,10,49609.7604239131,0.883101602046457
5,4,11,68572.9636576087,1.22066491645297
5,4,12,70337.6250380435,1.25207759167686
5,4,13,86103.5273913044,1.53272586546215
5,4,14,61812.5213858696,1.10032252113195
5,4,15,85821.0065434783,1.52769672177762
5,4,16,39621.3066358696,0.705297487154252
5,4,17,63643.3902282609,1.13291375305964
5,4,18,67280.1522282609,1.19765162562783
5,4,19,72010.2573315218,1.28185206035769
5,4,20,67439.3791358696,1.20048601821503
5,4,21,77399.6925869565,1.3777892079579
5,4,22,60756.0269021739,1.08151589995232
5,4,23,55912.2499184783,0.995291996073207
5,4,24,66746.8677282609,1.18815864698265
5,4,25,89379.3485978261,1.59103864364889
5,4,26,97666.0665434783,1.73855021860874
5,4,27,67327.1963478261,1.19848905634711
5,4,28,57994.7003206522,1.03236162250615
5,4,29,87420.4649347826,1.55616862439714
5,4,30,57548.4351521739,1.02441767192358
5,4,31,81823.3024402174,1.45653373151259
5,4,32,75995.8473858696,1.3527994088637
5,4,33,73054.7279565217,1.3004446452512
5,4,34,56947.0200326087,1.01371190251359
5,4,35,65337.685173913,1.16307383785061
5,4,36,82437.7216902174,1.46747098699149
5,4,37,78175.6971413044,1.39160283776148
5,4,38,69939.1593097826,1.24498451724996
5,4,39,84257.9326847826,1.49987249894453
5,4,40,77508.7202989131,1.37973000642727
5,4,41,95214.6963858696,1.69491346457295
5,4,42,57730.3328423913,1.02765562631535
5,4,43,82598.0247228261,1.47032453564199
5,4,44,64354.4096793478,1.14557058532361
5,4,45,79495.6742554348,1.41509970398685
5,4,46,78280.071298913,1.39346079847342
5,4,47,69303.6792608696,1.23367235922967
5,4,48,92762.69625,1.65126549631627
5,4,49,60125.066201087,1.07028419068388
5,4,50,61596.211798913,1.09647200177554
5,4,51,79717.1962065217,1.41904300845399
5,4,52,76581.8064402174,1.36323004539987
5,4,53,89138.6265108696,1.58675355823782
5,4,54,67637.4777554348,1.20401236478083
5,4,55,86155.8026956522,1.53365641631792
5,4,56,80207.5276956522,1.42777138206202
5,4,57,62781.9573043478,1.11757941585134
5,4,58,61482.4340597826,1.09444664823937
5,4,59,81653.7355108696,1.45351527656176
5,4,60,45930.4546521739,0.817606409292504
5,4,61,70566.5905434783,1.25615339859339
5,4,62,53424.4452717391,0.951006672976687
5,4,63,61562.502576087,1.09587194508454
5,4,64,91489.9314456522,1.62860905475832
5,4,65,79881.7715380435,1.42197260814732
5,4,66,71511.0331521739,1.27296538828358
5,4,67,55847.0098369565,0.994130659674539
5,4,68,92655.7851956522,1.64936237639462
5,4,69,105329.148097826,1.87496046408123
5,4,70,67197.4295815217,1.19617908270006
5,4,71,44389.3170815217,0.790172673552049
5,4,72,72235.1192391304,1.28585481927351
5,4,73,56220.2636739131,1.00077493811027
5,4,74,52814.8447391304,0.940155195316746
5,4,75,72678.353201087,1.2937448114553
5,4,76,103542.845673913,1.84316255740284
5,4,77,55946.8812717391,0.995908467575677
5,4,78,65981.0018695652,1.17452549574412
5,4,79,63710.2387119565,1.13410372056889
5,4,80,63486.5040815217,1.13012102827443
5,4,81,100759.38261413,1.793614229285
5,4,82,66708.1166304348,1.18746884005194
5,4,83,70673.7131195652,1.25806028380608
5,4,84,55404.6583043478,0.98625637558656
5,4,85,103791.747913043,1.84759325741531
5,4,86,74362.0050597826,1.32371543902935
5,4,87,95451.9617608696,1.69913701717595
5,4,88,65273.3460706522,1.1619285397343
5,4,89,58296.6907336957,1.03773734323696
5,4,90,63527.6177065217,1.13085289046835
5,4,91,63397.5089565217,1.12853682918155
5,4,92,61555.8712934783,1.09575390185584
5,4,93,65144.1455706522,1.15962864617383
5,4,94,61182.644951087,1.0891101128499
5,4,95,79176.3718369565,1.40941581285563
5,4,96,55312.6533315217,0.984618598298287
5,4,97,52795.7159076087,0.939814683659004
5,4,98,55141.5542554348,0.981572869657191
5,4,99,63422.4201304348,1.12898027211301
5,4,100,47945.7109565218,0.853479915951204
5,5,1,291666.037701087,2.02481544281379
5,5,2,182596.910586957,1.26763145713067
5,5,3,141986.803119565,0.985706371226178
5,5,4,141856.45413587,0.984801457382858
5,5,5,244800.362244565,1.69946270668372
5,5,6,168973.746913044,1.17305619425694
5,5,7,132698.505217391,0.921224784072548
5,5,8,235864.778157609,1.63742974325596
5,5,9,288889.05823913,2.00553698673002
5,5,10,191229.951456522,1.32756409313079
5,5,11,167506.838451087,1.1628725646154
5,5,12,223009.011869565,1.54818193670841
5,5,13,138539.557347826,0.961774765994357
5,5,14,220845.709152174,1.53316377146648
5,5,15,156017.444923913,1.08311044480964
5,5,16,249734.387641304,1.73371589192701
5,5,17,199277.499467391,1.38343209757049
5,5,18,143604.194505435,0.996934689343007
5,5,19,260847.90261413,1.81086857284347
5,5,20,168132.394173913,1.1672153221675
5,5,21,234923.184032609,1.63089297147344
5,5,22,247275.341293478,1.71664460361755
5,5,23,148191.326842391,1.02877965993783
5,5,24,201188.523847826,1.39669888621547
5,5,25,243019.579391304,1.68710008589317
5,5,26,149793.161222826,1.03989997759942
5,5,27,248130.500793478,1.72258132554554
5,5,28,201334.99551087,1.39771572755772
5,5,29,197616.730836957,1.37190264423973
5,5,30,134610.775945652,0.934500225162442
5,5,31,149246.90425,1.03610773094966
5,5,32,179617.64063587,1.24694865205395
5,5,33,173830.614092391,1.2067737286876
5,5,34,167732.93198913,1.16444216007108
5,5,35,233040.610347826,1.61782369436724
5,5,36,212335.720184783,1.47408539122322
5,5,37,168194.121663043,1.16764384917127
5,5,38,139822.201391304,0.970679187939875
5,5,39,263674.237168478,1.83048966379156
5,5,40,166587.562896739,1.15649073369221
5,5,41,181104.080076087,1.25726787042123
5,5,42,175102.232652174,1.21560160908639
5,5,43,154667.984358696,1.07374216657794
5,5,44,265100.313298913,1.84038982561462
5,5,45,151122.557858696,1.04912896723137
5,5,46,165874.206347826,1.15153844179064
5,5,47,160102.465320652,1.111469634137
5,5,48,168216.512130435,1.16779928915497
5,5,49,173321.235054348,1.20323749748767
5,5,50,145459.439945652,1.00981424723453
5,5,51,141381.410690217,0.981503592083403
5,5,52,154113.333467391,1.06989164733704
5,5,53,202149.779543478,1.40337215332737
5,5,54,214858.181581522,1.49159692198038
5,5,55,138529.943782609,0.96170802632365
5,5,56,267886.674076087,1.85973340903401
5,5,57,285826.956896739,1.9842791463095
5,5,58,195800.360440217,1.35929296620462
5,5,59,155789.718206522,1.08152951143203
5,5,60,291608.608402174,2.02441675487526
5,5,61,201072.777407609,1.39589534672404
5,5,62,166928.060815217,1.15885455173909
5,5,63,205506.255565217,1.42667361322932
5,5,64,233208.737266304,1.61899087167582
5,5,65,193354.893717391,1.34231595090213
5,5,66,156335.006119565,1.08531503063685
5,5,67,202197.617282609,1.40370425436219
5,5,68,224247.669978261,1.55678099776682
5,5,69,259367.057788044,1.80058819362652
5,5,70,168707.825097826,1.17121010136839
5,5,71,205507.399701087,1.42668155609437
5,5,72,178139.770956522,1.23668892701775
5,5,73,165464.298559783,1.14869276381626
5,5,74,145620.981119565,1.01093570472806
5,5,75,189132.847423913,1.31300549500301
5,5,76,184363.415652174,1.27989495809929
5,5,77,187078.799277174,1.29874580114019
5,5,78,198809.318456522,1.3801818729358
5,5,79,190382.974836957,1.32168417871733
5,5,80,209716.761766304,1.45590395504499
5,5,81,158906.409804348,1.10316633047174
5,5,82,141795.42473913,0.984377776703555
5,5,83,206285.397679348,1.43208260427014
5,5,84,157627.215853261,1.09428585989336
5,5,85,229399.308434783,1.59254490495593
5,5,86,179712.88973913,1.24760989412627
5,5,87,177686.5635,1.23354265238119
5,5,88,171186.877744565,1.18842027819333
5,5,89,225635.367945652,1.56641472919637
5,5,90,203759.903923913,1.41455002215314
5,5,91,205460.428358696,1.42635546979309
5,5,92,263680.506733696,1.8305331886139
5,5,93,208109.897690217,1.44474872003234
5,5,94,264629.318646739,1.83712006800856
5,5,95,233240.593945652,1.61921202836862
5,5,96,131364.241934783,0.911962009014129
5,5,97,175457.798108696,1.21807002958873
5,5,98,167183.66401087,1.16062901030091
5,5,99,168083.069972826,1.16687290175801
5,5,100,259054.877711957,1.79842096481928
6,2,1,3090.86301630435,0.995955257627456
6,2,2,3471.91631521739,1.11874039384566
6,2,3,3222.74555434783,1.03845119046589
6,2,4,3668.73998369565,1.18216202282514
6,2,5,2661.01392934783,0.857446868260985
6,2,6,3761.6250923913,1.21209198473958
6,2,7,3538.49722826087,1.14019446995757
6,2,8,4581.336875,1.47622412366705
6,2,9,2838.94166304348,0.914779742903811
6,2,10,3265.03345652174,1.0520774360426
6,2,11,3923.9290923913,1.26439049207596
6,2,12,3781.00474456522,1.21833660521346
6,2,13,3334.14206521739,1.074346000458
6,2,14,3525.56794021739,1.13602832207707
6,2,15,3412.00792934783,1.09943637695199
6,2,16,3996.01317934783,1.28761783182442
6,2,17,2822.41993478261,0.909456018740137
6,2,18,3507.98023913044,1.13036111415659
6,2,19,3263.09913043478,1.05145414661628
6,2,20,3509.60024456522,1.13088312141529
6,2,21,3585.26629891304,1.15526466283402
6,2,22,3870.13275,1.24705593219314
6,2,23,3186.37328804348,1.02673111433616
6,2,24,3456.16241304348,1.11366408292036
6,2,25,2787.04764130435,0.898058159476177
6,2,26,3171.67195108696,1.02199396689263
6,2,27,3574.7045,1.15186138061091
6,2,28,3666.05321195652,1.1812962761306
6,2,29,3575.17391847826,1.152012639272
6,2,30,3736.87578804348,1.20411712475458
6,2,31,3463.90457608696,1.11615880622188
6,2,32,3284.86704891304,1.05846832768534
6,2,33,3459.44000543478,1.11472020716698
6,2,34,3066.53433152174,0.988115932043442
6,2,35,3447.91569021739,1.11100677752911
6,2,36,3150.85570652174,1.01528643954204
6,2,37,3422.93222826087,1.10295646596303
6,2,38,3264.4581576087,1.05189205999257
6,2,39,3277.01779347826,1.05593909647144
6,2,40,3425.78823913044,1.10387674584162
6,2,41,3862.662375,1.24464878596296
6,2,42,3077.26678804348,0.991574204520643
6,2,43,3476.56047826087,1.12023686217054
6,2,44,3791.06281521739,1.22157757328445
6,2,45,3487.61076086957,1.12379754635626
6,2,46,3322.31630434783,1.0705354373074
6,2,47,3675.70377173913,1.18440593375821
6,2,48,3574.31783152174,1.15173678612003
6,2,49,2549.1305326087,0.821395171166757
6,2,50,3342.61114130435,1.07707495376701
6,2,51,3310.33146195652,1.06667361401452
6,2,52,3274.88372826087,1.0552514459796
6,2,53,2940.57223913044,0.947527718487192
6,2,54,2914.87903804348,0.93924871078842
6,2,55,2844.8799076087,0.916693197451815
6,2,56,3249.60652717391,1.04710648413953
6,2,57,4323.28008695652,1.39307161465497
6,2,58,3372.3904076087,1.08667059637157
6,2,59,3051.48080978261,0.983265301639308
6,2,60,3679.02980434783,1.18547766668399
6,2,61,3667.94919565217,1.18190721065604
6,2,62,3431.90369565217,1.10584730262252
6,2,63,3369.11720652174,1.08561588711573
6,2,64,4330.44341847826,1.39537982360942
6,2,65,3460.6907826087,1.1151232396197
6,2,66,3215.76605978261,1.03620221848908
6,2,67,3295.77630978261,1.06198357105347
6,2,68,3530.46948369565,1.13760772497261
6,2,69,3606.1047173913,1.16197933518753
6,2,70,3866.51156521739,1.24588909367456
6,2,71,3100.96532065217,0.999210478928529
6,2,72,3669.11785869565,1.18228378383201
6,2,73,2995.99461956522,0.965386229489808
6,2,74,3910.37652173913,1.26002350656926
6,2,75,3370.81105978261,1.08616169003612
6,2,76,3877.6765,1.24948672172832
6,2,77,3337.00098913044,1.07526721899384
6,2,78,2894.01530434783,0.932525881223243
6,2,79,3555.78617391304,1.14576541122229
6,2,80,2926.67710869565,0.943050351441503
6,2,81,3725.60083695652,1.20048404662872
6,2,82,3611.6331576087,1.1637607402747
6,2,83,3862.97392391304,1.24474917500521
6,2,84,3479.23152173913,1.12109754081643
6,2,85,3083.79844565217,0.993678871955624
6,2,86,3015.34558695652,0.971621606991782
6,2,87,3329.53719565217,1.07286219349859
6,2,88,3147.01051630435,1.01404742073292
6,2,89,3076.42782608696,0.991303869482454
6,2,90,3674.70011956522,1.1840825313123
6,2,91,2846.91435869565,0.917348749718528
6,2,92,4014.9550923913,1.29372140153477
6,2,93,3222.62304891304,1.03841171607598
6,2,94,3649.23707065217,1.1758776845409
6,2,95,2881.99648913044,0.928653111015352
6,2,96,3571.17891304348,1.15072534616129
6,2,97,2929.47278804348,0.943951190957981
6,2,98,3410.58408695652,1.09897757845196
6,2,99,4225.56134782609,1.36158413316767
6,2,100,3154.61736956522,1.01649854375559
6,3,1,16379.5046304348,1.12667772980981
6,3,2,13500.4787445652,0.928641560686113
6,3,3,12589.1626521739,0.86595593195185
6,3,4,11263.6983315217,0.774782775899165
6,3,5,11779.5346141304,0.810264999870897
6,3,6,17227.2534836957,1.18499083359356
6,3,7,10463.626,0.719749140969351
6,3,8,10346.0173043478,0.711659329878417
6,3,9,15683.7453695652,1.07881935544395
6,3,10,12540.499298913,0.862608583078123
6,3,11,18109.2524184783,1.24565985747167
6,3,12,12479.8227880435,0.858434899254238
6,3,13,15737.0557391304,1.08248635316533
6,3,14,15568.6750978261,1.07090415193464
6,3,15,13826.3795271739,0.951058914701236
6,3,16,12897.0283206522,0.887132725772766
6,3,17,9322.7534076087,0.641273279128616
6,3,18,10062.5661902174,0.692161911306482
6,3,19,11719.1406684783,0.806110752528446
6,3,20,14075.0045163043,0.968160789553238
6,3,21,14875.3933586957,1.02321619594416
6,3,22,11065.9296467391,0.761179093869349
6,3,23,19625.1076521739,1.34992920944262
6,3,24,14472.4460163043,0.995499130794655
6,3,25,10413.858673913,0.71632585441463
6,3,26,18720.7376358696,1.28772137227857
6,3,27,13355.1271521739,0.918643431570817
6,3,28,18225.2943586957,1.25364189799834
6,3,29,15188.7021467391,1.04476739923186
6,3,30,10239.1796847826,0.704310416136157
6,3,31,19177.6009619565,1.3191470928167
6,3,32,16620.8314293478,1.14327759263084
6,3,33,12901.4698315217,0.887438238759658
6,3,34,10678.1677173913,0.734506569875399
6,3,35,15824.1103967391,1.08847447955968
6,3,36,11524.3815217391,0.792714084054113
6,3,37,22691.6422826087,1.56086332214965
6,3,38,20489.2454728261,1.40936964185998
6,3,39,13353.3080923913,0.918518306043977
6,3,40,13445.2794565217,0.924844632149924
6,3,41,10724.3299021739,0.737681873813303
6,3,42,11819.6492065217,0.813024315180329
6,3,43,11693.1594184783,0.804323610827394
6,3,44,16987.0348097826,1.16846719406423
6,3,45,16452.543923913,1.13170179782772
6,3,46,10281.6418858696,0.707231213645166
6,3,47,15826.3590597826,1.088629155701
6,3,48,15075.12775,1.03695509071767
6,3,49,10119.9149945652,0.696106696093798
6,3,50,11916.8156521739,0.819707989251746
6,3,51,11105.3157717391,0.763888300948698
6,3,52,13293.5129076087,0.914405244961578
6,3,53,15472.9044782609,1.06431649091138
6,3,54,11383.1295271739,0.782997949155128
6,3,55,19090.6817228261,1.31316828129401
6,3,56,13693.0924021739,0.941890649921797
6,3,57,22507.7503369565,1.54821416306136
6,3,58,12848.8526086957,0.883818919708187
6,3,59,15931.4878478261,1.09586052605822
6,3,60,17754.3195380435,1.22124550667256
6,3,61,13259.4462880435,0.912061944449136
6,3,62,17273.3123967391,1.18815903389974
6,3,63,14702.4013532609,1.01131679823
6,3,64,17947.4183695652,1.23452796899584
6,3,65,22416.7811141304,1.54195677007123
6,3,66,23068.655298913,1.58679647329814
6,3,67,13337.0509565217,0.917400045550269
6,3,68,13538.3013804348,0.931243221876633
6,3,69,22197.2026032609,1.52685288117328
6,3,70,12234.1811847826,0.841538239058876
6,3,71,12494.2501956522,0.859427300381034
6,3,72,11113.9406304348,0.764481568964697
6,3,73,20888.9470706522,1.43686344579366
6,3,74,14613.1178586957,1.00517535944806
6,3,75,12190.2679293478,0.838517629580255
6,3,76,11399.5234293478,0.784125617231836
6,3,77,15158.7909728261,1.04270993447449
6,3,78,19496.7198641304,1.34109794959491
6,3,79,10703.1470108696,0.736224791171057
6,3,80,15577.8274184783,1.07153370185618
6,3,81,14740.3366413043,1.01392620829317
6,3,82,11306.2993586957,0.777713122675019
6,3,83,16466.8265054348,1.13268423697273
6,3,84,10132.8180978261,0.696994246689342
6,3,85,18905.3739076087,1.30042173045039
6,3,86,10541.6174728261,0.725113848726443
6,3,87,15223.9713695652,1.04719342180106
6,3,88,17202.9682934783,1.18332035676294
6,3,89,20502.5887173913,1.41028746793801
6,3,90,20299.5389076087,1.39632051937113
6,3,91,15174.8533315217,1.04381479705971
6,3,92,12863.9749021739,0.884859119132408
6,3,93,19184.4184293478,1.31961603793175
6,3,94,16165.5665869565,1.11196182511156
6,3,95,16479.613548913,1.13356380430044
6,3,96,13642.9417771739,0.938440997835338
6,3,97,10068.3311195652,0.692558456724471
6,3,98,12773.3882119565,0.878628038963141
6,3,99,15798.45875,1.08671000989067
6,3,100,15554.9714402174,1.06996153454828
6,4,1,58604.0236032609,1.04320816484858
6,4,2,60869.7785652174,1.08354078930899
6,4,3,76888.8507880435,1.36869573104615
6,4,4,63549.7659836957,1.13124715117204
6,4,5,57840.8859021739,1.02962357744777
6,4,6,58260.3150978261,1.03708982182106
6,4,7,49860.8861956522,0.887571883084764
6,4,8,60063.2760652174,1.06918426664654
6,4,9,65034.3167282609,1.15767358680975
6,4,10,45885.4532065218,0.816805340139776
6,4,11,71544.9228097826,1.27356865688781
6,4,12,55547.654125,0.988801839165196
6,4,13,45609.4119619565,0.811891539645207
6,4,14,61425.6028804348,1.09343499841281
6,4,15,67115.0340380435,1.19471236252593
6,4,16,52518.8350108696,0.934885936545593
6,4,17,83021.7600163044,1.47786743271138
6,4,18,54423.9012173913,0.968797953144911
6,4,19,63242.3045108696,1.12577404029829
6,4,20,71080.1883423913,1.26529593496429
6,4,21,77242.4364728261,1.37498989739616
6,4,22,59316.8066467391,1.05589639075873
6,4,23,57338.7537445652,1.02068514055482
6,4,24,57569.7276141304,1.02479669829066
6,4,25,70450.6905597826,1.25409026705628
6,4,26,64909.4825543478,1.15545141806653
6,4,27,55395.7007880435,0.986096923153589
6,4,28,53147.1319619565,0.946070228493883
6,4,29,67644.4498478261,1.20413647475249
6,4,30,66002.5701684783,1.17490943227517
6,4,31,82241.2874021739,1.46397426713262
6,4,32,64108.1908804348,1.14118765313615
6,4,33,71356.5963532609,1.27021626425296
6,4,34,50049.628875,0.890931684887521
6,4,35,47548.8681032609,0.846415730265147
6,4,36,51338.2176793478,0.913869808913416
6,4,37,53029.65225,0.943978976269518
6,4,38,68082.8414619565,1.21194026847079
6,4,39,67048.5526793478,1.19352893019591
6,4,40,69698.1054673913,1.24069352627205
6,4,41,75222.2673206522,1.33902893730594
6,4,42,60976.3482173913,1.08543783194254
6,4,43,59228.3294130435,1.05432141063076
6,4,44,79733.5414565217,1.41933396967487
6,4,45,66902.4121739131,1.19092748819396
6,4,46,73340.6594619565,1.30553450193196
6,4,47,83001.4463804348,1.47750583039307
6,4,48,56239.5832989131,1.00111884607601
6,4,49,44830.8379076087,0.798032170262424
6,4,50,56129.5157608696,0.999159537699013
6,4,51,56819.0383641304,1.01143370533022
6,4,52,49837.2817663044,0.88715170146739
6,4,53,80177.5099293478,1.42723703685884
6,4,54,52460.5875869565,0.933849076199299
6,4,55,66098.9592717391,1.17662525131526
6,4,56,64170.6750271739,1.1422999312366
6,4,57,59116.1421032609,1.05232436827152
6,4,58,56821.6721304348,1.01148058891165
6,4,59,60630.2526521739,1.07927699694771
6,4,60,72027.6889456522,1.28216235990829
6,4,61,67771.356798913,1.20639554092935
6,4,62,70960.2114565217,1.26316023063485
6,4,63,57748.6250054348,1.02798124446691
6,4,64,58436.0623641304,1.04021829273288
6,4,65,78399.1245163044,1.39558006061274
6,4,66,81879.5431358696,1.45753487015963
6,4,67,72920.5990706522,1.29805702166705
6,4,68,63017.4336467391,1.12177112194774
6,4,69,56596.2795652174,1.00746838377839
6,4,70,71418.4383097826,1.27131711074791
6,4,71,67160.9688152174,1.19553004588028
6,4,72,64428.8328097826,1.14689538885329
6,4,73,63878.7552663044,1.13710347783126
6,4,74,71835.833125,1.27874714118657
6,4,75,85135.6510271739,1.5154967323149
6,4,76,48153.6387445652,0.857181231199698
6,4,77,54516.8426032609,0.970452399488866
6,4,78,73305.7894619565,1.30491378228728
6,4,79,58189.7032880435,1.03583286347638
6,4,80,57422.0429619565,1.02216776898687
6,4,81,62794.161201087,1.11779665698836
6,4,82,75662.3211576087,1.34686232019436
6,4,83,62472.6802445652,1.11207398577798
6,4,84,63180.1682608696,1.12466795509547
6,4,85,67683.0617173913,1.20482380328582
6,4,86,75535.2315380435,1.34460000234234
6,4,87,72861.1150923913,1.29699814946026
6,4,88,66020.2319021739,1.17522382817606
6,4,89,69422.4793423913,1.23578711530627
6,4,90,52834.0169945652,0.940496479962038
6,4,91,70022.3088804348,1.24646465983531
6,4,92,68981.6346684783,1.22793965475699
6,4,93,54128.4928423913,0.963539399042023
6,4,94,55780.1149130435,0.992939865484614
6,4,95,61012.6954456522,1.08608484767559
6,4,96,61939.1126630435,1.10257596800858
6,4,97,73566.4426684783,1.30955366085736
6,4,98,57303.7093097826,1.0200613158027
6,4,99,67491.0118478261,1.20140513030622
6,4,100,41662.5385434783,0.741633384613831
6,5,1,137334.944271739,0.953412053700868
6,5,2,233893.574608696,1.62374517641976
6,5,3,159504.892983696,1.10732114394731
6,5,4,164984.502418478,1.14536190416605
6,5,5,155961.820195652,1.08272428463249
6,5,6,139506.434548913,0.968487058942471
6,5,7,148406.956956522,1.03027661580033
6,5,8,174740.594472826,1.21309103028872
6,5,9,161311.640407609,1.11986401700184
6,5,10,157309.288896739,1.09207873486665
6,5,11,146404.131673913,1.01637252332028
6,5,12,260902.775309783,1.81124951223025
6,5,13,191055.089663044,1.326350160708
6,5,14,222063.07673913,1.54161502862717
6,5,15,130800.685733696,0.908049666981274
6,5,16,152179.884168478,1.05646917954068
6,5,17,182183.342375,1.26476036761738
6,5,18,179226.959652174,1.24423645115721
6,5,19,202723.779347826,1.4073569973537
6,5,20,179631.365570652,1.24704393383621
6,5,21,243806.914793478,1.69256595670062
6,5,22,132033.371298913,0.916607265213344
6,5,23,194151.092478261,1.34784335326706
6,5,24,140533.919347826,0.975620104340879
6,5,25,157362.240929348,1.09244634055088
6,5,26,261773.968581522,1.81729754443927
6,5,27,142254.656233696,0.987565871654037
6,5,28,155947.311434783,1.08262356134192
6,5,29,173551.585163044,1.20483664307561
6,5,30,210128.197679348,1.45876024162887
6,5,31,144983.973798913,1.00651344744296
6,5,32,171194.319913043,1.18847194350816
6,5,33,168472.100505435,1.16957364482827
6,5,34,230036.436641304,1.59696800145968
6,5,35,161280.630092391,1.11964873597141
6,5,36,221681.155608696,1.5389636407284
6,5,37,217072.101668478,1.5069664851169
6,5,38,180914.808298913,1.25595390044266
6,5,39,180716.799119565,1.25457927332692
6,5,40,163178.974320652,1.13282749596505
6,5,41,192165.279913044,1.33405736714307
6,5,42,152484.352875,1.05858287417471
6,5,43,156197.008065217,1.08435701511429
6,5,44,232549.028043478,1.61441101235221
6,5,45,174118.624184783,1.20877316368303
6,5,46,172178.918179348,1.19530726033248
6,5,47,139347.522478261,0.967383853313039
6,5,48,146217.075298913,1.01507393319384
6,5,49,177068.255059783,1.22925020719957
6,5,50,153654.716717391,1.06670782009047
6,5,51,148287.09151087,1.0294444811873
6,5,52,168508.765467391,1.16982818176979
6,5,53,173471.875157609,1.20428327713961
6,5,54,162100.986146739,1.12534384404961
6,5,55,182249.24388587,1.2652178716791
6,5,56,152652.208163044,1.0597481657598
6,5,57,151036.608603261,1.04853228692853
6,5,58,197060.152646739,1.36803874522849
6,5,59,192433.765402174,1.33592125766954
6,5,60,154295.062179348,1.07115325155148
6,5,61,189926.473570652,1.3185150376649
6,5,62,177373.258690217,1.23136761540344
6,5,63,186762.034483696,1.29654674412748
6,5,64,152968.098217391,1.06194115012409
6,5,65,134999.245608696,0.937197074541941
6,5,66,148312.463402174,1.02962061892939
6,5,67,189249.446483696,1.31381495358354
6,5,68,178482.035407609,1.23906500875682
6,5,69,190169.750793478,1.32020392637318
6,5,70,225120.394907609,1.56283966310955
6,5,71,153322.543771739,1.06440179599749
6,5,72,174018.229347826,1.20807619869578
6,5,73,188443.639440217,1.30822084822104
6,5,74,194015.009271739,1.34689863107642
6,5,75,144329.653021739,1.00197099599877
6,5,76,169288.775576087,1.17524319863663
6,5,77,153891.929277174,1.06835460645635
6,5,78,182931.854711957,1.26995671941395
6,5,79,161334.339423913,1.12002159900595
6,5,80,164390.290402174,1.14123674212661
6,5,81,153043.045875,1.06246145470163
6,5,82,141554.589434783,0.982705840377811
6,5,83,162429.243396739,1.12762268444617
6,5,84,171828.857907609,1.19287705814054
6,5,85,209912.857201087,1.4572652964879
6,5,86,153041.346021739,1.06244965391344
6,5,87,189198.806016304,1.31346339533832
6,5,88,194095.95548913,1.3474605790917
6,5,89,176874.795777174,1.227907166556
6,5,90,173961.170461957,1.20768008225326
6,5,91,243961.065,1.69363610432953
6,5,92,182855.334923913,1.26942550073065
6,5,93,163167.605701087,1.132748572287
6,5,94,158218.546766304,1.09839102062439
6,5,95,180218.321809783,1.25111872453387
6,5,96,236750.979625,1.64358196595135
6,5,97,152240.619119565,1.05689081610779
6,5,98,217860.815059783,1.51244192225471
6,5,99,263457.055695652,1.82898193802569
6,5,100,173423.074619565,1.2039444921243
7,2,1,3312.77030978261,1.06745947327199
7,2,2,4284.85838043478,1.38069115637666
7,2,3,2949.79634782609,0.950499962648095
7,2,4,3328.04601086957,1.07238169555465
7,2,5,2900.22725,0.934527529274205
7,2,6,3342.66955434783,1.07709377594628
7,2,7,2919.79931521739,0.94083415016069
7,2,8,3117.76657608696,1.00462427390965
7,2,9,3219.4735326087,1.03739686122613
7,2,10,2981.12623369565,0.960595254606381
7,2,11,3057.22144565217,0.985115081602464
7,2,12,3411.82831521739,1.0993785006771
7,2,13,2915.51207065217,0.939452690114438
7,2,14,3055.11026086957,0.984434803772948
7,2,15,3870.46432065217,1.24716277275274
7,2,16,3436.59839130435,1.10736005384866
7,2,17,2812.65957608696,0.906310981089491
7,2,18,3534.19154347826,1.1388070680008
7,2,19,2951.71179347826,0.951117168314577
7,2,20,3186.78316304348,1.02686318656294
7,2,21,3250.69551086957,1.0474573825881
7,2,22,3188.80370652174,1.02751425744179
7,2,23,3322.87017391304,1.0707139082725
7,2,24,3631.15964673913,1.17005267537822
7,2,25,3778.77098369565,1.2176168302281
7,2,26,3346.98815217391,1.07848533881651
7,2,27,3308.63019565217,1.06612542242159
7,2,28,3542.11305434783,1.14135958176711
7,2,29,3282.87134782609,1.05782526166148
7,2,30,3886.94765217391,1.25247412450326
7,2,31,3471.72998913043,1.11868035480641
7,2,32,3457.15136413044,1.11398274829938
7,2,33,2925.76407608696,0.942756148941353
7,2,34,3773.063,1.21577757163199
7,2,35,2987.79003804348,0.96274250310656
7,2,36,3147.90250543478,1.0143348424852
7,2,37,3573.22497282609,1.15138463904718
7,2,38,3581.45145108696,1.15403542112081
7,2,39,4240.20210869565,1.36630176144391
7,2,40,3524.930625,1.13582296278481
7,2,41,3248.37275543478,1.04670893127361
7,2,42,3066.66286956522,0.988157350294439
7,2,43,3712.14647282609,1.19614870577956
7,2,44,4157.55186956522,1.33966973674016
7,2,45,3523.78745108696,1.13545460285974
7,2,46,3866.10847282609,1.24575920697809
7,2,47,3433.64910326087,1.1064097176747
7,2,48,3442.24692391304,1.10918015578131
7,2,49,3495.20402173913,1.12624428956218
7,2,50,3067.38310869565,0.988389429796158
7,2,51,3537.17711413043,1.13976909536092
7,2,52,3227.10145108696,1.03985477200157
7,2,53,3509.90247826087,1.13098050885583
7,2,54,3049.76044021739,0.982710954486264
7,2,55,3426.60243478261,1.10413910054199
7,2,56,3446.94196195652,1.1106930173347
7,2,57,2869.01313586957,0.924469541936558
7,2,58,3532.50091304348,1.13826230355756
7,2,59,3886.48769565217,1.252325914727
7,2,60,3409.14392391304,1.09851352101965
7,2,61,2802.01552173913,0.902881194057756
7,2,62,3221.04518478261,1.03790328782528
7,2,63,3128.0927173913,1.00795162121324
7,2,64,3164.24785326087,1.01960173235359
7,2,65,3354.33102173913,1.08085139952867
7,2,66,3204.95971195652,1.03272013634038
7,2,67,3648.84691847826,1.17575196751402
7,2,68,3446.82471195652,1.11065523638053
7,2,69,3113.19780978261,1.00315210034593
7,2,70,3432.82894021739,1.10614544012796
7,2,71,3159.93761956522,1.01821286462049
7,2,72,3412.79245652174,1.0996891717085
7,2,73,3326.01369021739,1.07172682976861
7,2,74,3521.69421195652,1.13478010757916
7,2,75,3716.33068478261,1.1974969660794
7,2,76,3243.54517391304,1.04515336081551
7,2,77,3079.29313043478,0.992227143957857
7,2,78,3927.41170652174,1.26551267957997
7,2,79,3289.27651086957,1.05988916930651
7,2,80,3411.08441304348,1.09913879633649
7,2,81,3328.79427173913,1.07262280437869
7,2,82,3200.48996195652,1.03127986836691
7,2,83,2926.62324456522,0.943032995038575
7,2,84,3772.88910326087,1.21572153764708
7,2,85,3332.1804673913,1.07371392337858
7,2,86,3323.60290217391,1.07095001209204
7,2,87,3533.07171195652,1.13844622959229
7,2,88,3604.72825,1.16153580212634
7,2,89,3041.81396195652,0.980150395586763
7,2,90,2974.02958695652,0.958308533197481
7,2,91,3316.09038586957,1.06852928685386
7,2,92,3378.97380434783,1.08879193548003
7,2,93,3259.85383152174,1.05040842815578
7,2,94,3428.79610326087,1.10484595673163
7,2,95,3165.01548369565,1.01984908254783
7,2,96,3798.975125,1.22412712222479
7,2,97,4160.50358695652,1.34062085571224
7,2,98,3292.50211413043,1.06092854132324
7,2,99,3705.90722826087,1.19413826131937
7,2,100,3358.38073913044,1.08215632223359
7,3,1,14889.7482880435,1.02420361159403
7,3,2,15835.7758206522,1.0892768953609
7,3,3,11356.6801576087,0.78117860746385
7,3,4,20219.5524347826,1.3908185838943
7,3,5,11864.8859402174,0.816135961202244
7,3,6,13331.4473913043,0.917014599697026
7,3,7,20069.1357826087,1.38047205046605
7,3,8,15520.89225,1.06761736935316
7,3,9,19703.4018586957,1.35531474098655
7,3,10,15445.5569076087,1.06243536571783
7,3,11,11453.194875,0.787817451869535
7,3,12,16658.026201087,1.14583606566952
7,3,13,11827.5569891304,0.813568258526506
7,3,14,16777.3296358696,1.15404245078874
7,3,15,14740.5957445652,1.01394403092458
7,3,16,17577.8868043478,1.20910943562832
7,3,17,11096.4285326087,0.763276984878177
7,3,18,14251.3341521739,0.980289768928509
7,3,19,17721.5085163044,1.21898857349174
7,3,20,13056.215826087,0.898082569573542
7,3,21,17289.0886304348,1.18924421514095
7,3,22,13939.4903967391,0.958839339116622
7,3,23,12326.1398695652,0.84786369300543
7,3,24,19691.0987717391,1.35446846300717
7,3,25,10471.6055869565,0.720298023436791
7,3,26,13815.7398478261,0.950327055585593
7,3,27,17725.6263369565,1.21927182118017
7,3,28,14004.6607173913,0.963322133351249
7,3,29,16028.9117826087,1.10256191173176
7,3,30,10962.1869347826,0.754043065898497
7,3,31,17351.7216032609,1.19355247581348
7,3,32,16987.4096847826,1.16849298015016
7,3,33,12148.8763097826,0.835670472903841
7,3,34,13351.9015326087,0.918421554669716
7,3,35,15304.6312663043,1.05274167929695
7,3,36,8971.12447826087,0.617086193328907
7,3,37,11381.010298913,0.782852176292042
7,3,38,9941.66448913044,0.683845588121855
7,3,39,12494.7365978261,0.859460757955572
7,3,40,9577.31820108696,0.658783728319654
7,3,41,15749.8608695652,1.08336716461926
7,3,42,12852.2702826087,0.884054007225939
7,3,43,18525.7236195652,1.27430717239107
7,3,44,14501.6706576087,0.997509371840536
7,3,45,19467.1894130435,1.33906667317101
7,3,46,18967.8289130435,1.3047177494892
7,3,47,10899.0823532609,0.74970236523302
7,3,48,18379.1670869565,1.26422616046953
7,3,49,22923.7519402174,1.57682917630714
7,3,50,10245.6366413044,0.704754563213833
7,3,51,20184.3165380435,1.38839485368746
7,3,52,12892.2809456522,0.886806173669499
7,3,53,13435.6395326087,0.924181542036093
7,3,54,19455.4522282609,1.33825932123921
7,3,55,10440.9014456522,0.718186013763661
7,3,56,10840.3887119565,0.745665074726921
7,3,57,20121.0711847826,1.38404446992185
7,3,58,15649.0843641304,1.07643516960944
7,3,59,11673.9692826087,0.803003601510623
7,3,60,18546.27875,1.27572107398436
7,3,61,14157.6599184783,0.973846309535618
7,3,62,10848.6146847826,0.746230905049527
7,3,63,10338.6822717391,0.711154783613185
7,3,64,16162.2238043478,1.11173188905392
7,3,65,17001.8809456522,1.16948839775966
7,3,66,14988.903548913,1.03102408795982
7,3,67,14326.1603586957,0.985436751233307
7,3,68,11265.1064782609,0.774879636433539
7,3,69,10529.4853804348,0.724279332749209
7,3,70,17809.024173913,1.22500841015116
7,3,71,19190.2982880435,1.32002048885968
7,3,72,12052.5393586957,0.829043856299956
7,3,73,14291.3802282609,0.98304437128746
7,3,74,14113.1542336957,0.970784949315887
7,3,75,18451.9904782609,1.26923537747841
7,3,76,13487.379875,0.927740544143929
7,3,77,9602.86666847826,0.660541100712166
7,3,78,12136.3227228261,0.834806964075445
7,3,79,12800.886673913,0.880519543339462
7,3,80,14065.2030271739,0.967486586042729
7,3,81,20324.6537445652,1.39804806413669
7,3,82,10748.0289456522,0.73931203205723
7,3,83,9176.28859782609,0.631198576437286
7,3,84,16380.1199565217,1.126720055522
7,3,85,20526.3383858696,1.4119211084643
7,3,86,14869.1622391304,1.02278758324772
7,3,87,14988.2365597826,1.03097820856259
7,3,88,15173.6615434783,1.04373281893659
7,3,89,17347.4959130435,1.19326180822808
7,3,90,15235.2480434783,1.04796909711303
7,3,91,16117.3250543478,1.10864349151916
7,3,92,13811.6539021739,0.950046000445319
7,3,93,17129.8035108696,1.17828765687173
7,3,94,18216.9943913043,1.25307097789856
7,3,95,16110.2314891304,1.10815555478751
7,3,96,16922.5654130435,1.16403261345882
7,3,97,15749.383,1.08333429396724
7,3,98,11333.005423913,0.779550121388361
7,3,99,21705.2852663043,1.4930159415978
7,3,100,17504.2148369565,1.2040418486137
7,4,1,62071.8317173913,1.10493849523135
7,4,2,66286.3436684783,1.17996087437702
7,4,3,52218.1374565218,0.929533229946994
7,4,4,65165.0121739131,1.16000009184524
7,4,5,69496.7211902174,1.23710869183061
7,4,6,64020.6773532609,1.1396298279141
7,4,7,64087.5942717391,1.14082101362851
7,4,8,58968.4848097826,1.04969592597891
7,4,9,69813.080375,1.24274019056224
7,4,10,65325.3086413044,1.16285352362854
7,4,11,62551.0999130435,1.11346993154094
7,4,12,67643.0308315217,1.20411121489312
7,4,13,80576.9968586957,1.43434828965041
7,4,14,72619.5908804348,1.29269878545025
7,4,15,61934.1100815217,1.1024869172307
7,4,16,72704.5754673913,1.29421159309635
7,4,17,59628.8718478261,1.06145145243748
7,4,18,63770.3703913044,1.13517412247997
7,4,19,68389.0935380435,1.21739185091568
7,4,20,57417.7230489131,1.02209087036658
7,4,21,62783.0887119565,1.11759955599843
7,4,22,61751.1034673913,1.09922922292331
7,4,23,61486.7421739131,1.09452333682762
7,4,24,63166.6183913044,1.12442675434348
7,4,25,48389.8007608696,0.861385142953329
7,4,26,55972.5303641304,0.99636504616804
7,4,27,63061.6331956522,1.12255791656479
7,4,28,55374.3353369565,0.98571659750956
7,4,29,75301.5716413044,1.34044063073116
7,4,30,61252.717076087,1.09035746428473
7,4,31,53703.1281195652,0.955967496558078
7,4,32,61883.907125,1.10159325616576
7,4,33,57725.1111630435,1.02756267538477
7,4,34,61672.7173913044,1.09783387513733
7,4,35,66039.4295380435,1.17556556461758
7,4,36,80219.4784782609,1.42798411752329
7,4,37,69190.4660597826,1.23165705501537
7,4,38,63900.2546739131,1.13748618803062
7,4,39,61264.3199891304,1.0905640073321
7,4,40,68227.3842119565,1.21451326888439
7,4,41,70722.1477173913,1.25892246638002
7,4,42,56934.4480543478,1.01348810917034
7,4,43,69135.561701087,1.23067970445554
7,4,44,50079.6072608696,0.891465329080961
7,4,45,54632.3716521739,0.97250892802894
7,4,46,63761.3475543478,1.13501350727636
7,4,47,50915.0934673913,0.90633778968473
7,4,48,78973.7231630435,1.40580847093226
7,4,49,67678.2561630435,1.20473825978174
7,4,50,63106.8814673913,1.12336337946002
7,4,51,60361.4639619565,1.07449229891824
7,4,52,72402.7686467391,1.28883914048725
7,4,53,58297.0037119565,1.03774291455198
7,4,54,88404.8856032609,1.57369226212473
7,4,55,49249.4075434783,0.876686973084438
7,4,56,64554.6558695652,1.14913516071913
7,4,57,55594.4933369565,0.98963562233133
7,4,58,67435.5599782609,1.20041803352464
7,4,59,57382.7537989131,1.02146838397613
7,4,60,75039.763951087,1.33578020123738
7,4,61,68877.0964619565,1.22607877381611
7,4,62,81319.5938804348,1.44756723313994
7,4,63,57761.8708369565,1.02821703304838
7,4,64,51452.0087717391,0.915895400150518
7,4,65,64364.9402065217,1.14575803886779
7,4,66,73412.5382336957,1.30681401342191
7,4,67,66601.5148206522,1.18557122498193
7,4,68,77191.3564130435,1.3740806230469
7,4,69,65239.5273641304,1.16132653412788
7,4,70,55998.1522934783,0.99682114123202
7,4,71,67766.6085597826,1.20631101769144
7,4,72,78148.0446684783,1.39111059706439
7,4,73,74052.2219347826,1.31820100050683
7,4,74,61192.2849945652,1.08928171492511
7,4,75,78820.7592934783,1.4030855664652
7,4,76,81585.3054402174,1.45229715527867
7,4,77,58925.9904076087,1.04893948461904
7,4,78,56964.96875,1.01403140700117
7,4,79,90461.5070380435,1.61030210801675
7,4,80,61855.2485163044,1.10108310527942
7,4,81,55358.8408478261,0.985440780653017
7,4,82,79119.7801684783,1.40840842655364
7,4,83,48000.1078804348,0.854448233682303
7,4,84,56316.7980706522,1.00249334351446
7,4,85,74761.1859184783,1.33082124346799
7,4,86,66869.6443695652,1.19034418966021
7,4,87,59821.4813858696,1.064880088056
7,4,88,55647.3706793478,0.990576890045157
7,4,89,85700.7099782609,1.52555532684734
7,4,90,45912.6463369565,0.817289404099093
7,4,91,67668.1760108696,1.20455882334711
7,4,92,64158.448673913,1.14208229035183
7,4,93,77899.6847228261,1.38668955039907
7,4,94,67400.078076087,1.19978642143085
7,4,95,56900.4672608696,1.0128832182597
7,4,96,65403.0192826087,1.16423684802369
7,4,97,64791.9728315217,1.15335963161973
7,4,98,49832.4462608696,0.887065624805062
7,4,99,54762.5383423913,0.974826020707514
7,4,100,59177.6501576087,1.0534192709856
7,5,1,208805.933945652,1.44958077031104
7,5,2,168839.717326087,1.17212572878485
7,5,3,131314.670407609,0.911617871607742
7,5,4,161051.670576087,1.11805924420869
7,5,5,153815.589342391,1.06782463635744
7,5,6,180069.613782609,1.25008635781656
7,5,7,133946.210929348,0.929886655758293
7,5,8,172026.237070652,1.1942473115323
7,5,9,166623.34023913,1.15673910856625
7,5,10,132279.911141304,0.918318803807544
7,5,11,154766.167641304,1.07442377842558
7,5,12,214496.367836957,1.48908512436694
7,5,13,159400.582380435,1.10659699477315
7,5,14,152267.634793478,1.05707836538219
7,5,15,178782.015663044,1.24114754348911
7,5,16,235051.195820652,1.63178165994515
7,5,17,129156.782586957,0.896637297875006
7,5,18,178679.935630435,1.2404388794703
7,5,19,209777.013809783,1.4563222391519
7,5,20,177606.354217391,1.23298582034356
7,5,21,145426.772815217,1.0095874641963
7,5,22,206346.938097826,1.43250983258467
7,5,23,135085.168043478,0.937793568649391
7,5,24,160459.818195652,1.11395046332622
7,5,25,158971.879673913,1.10362083797621
7,5,26,149072.257141304,1.03489528892001
7,5,27,175285.530934783,1.21687410963597
7,5,28,134778.80698913,0.935666736883822
7,5,29,208473.354320652,1.4472719229527
7,5,30,136535.299554348,0.947860728680991
7,5,31,148575.64475,1.0314476868374
7,5,32,151763.51711413,1.05357865979362
7,5,33,141620.040891304,0.983160220054527
7,5,34,202532.02123913,1.4060257666666
7,5,35,251557.790451087,1.74637439065665
7,5,36,228650.526581522,1.58734668211267
7,5,37,171995.036777174,1.19403071162731
7,5,38,137912.024141304,0.957418280277135
7,5,39,205036.067244565,1.42340945336967
7,5,40,158577.422304348,1.1008824205049
7,5,41,199459.297179348,1.38469418079945
7,5,42,160209.738293478,1.11221434878971
7,5,43,206087.370195652,1.43070785008125
7,5,44,183606.087853261,1.27463740725587
7,5,45,136428.904108696,0.947122106031951
7,5,46,134732.110304348,0.935342557321397
7,5,47,173155.829423913,1.20208921201202
7,5,48,179650.804717391,1.24717888504556
7,5,49,167739.881804348,1.16449040735173
7,5,50,139391.994157609,0.967692586355189
7,5,51,132812.696744565,0.922017528985472
7,5,52,171937.461586957,1.19363101087643
7,5,53,184877.522945652,1.28346401398013
7,5,54,131661.796847826,0.914027706439049
7,5,55,133902.712722826,0.929584680797499
7,5,56,144953.942673913,1.00630496418538
7,5,57,139141.549597826,0.96595394027828
7,5,58,204597.137157609,1.42036229564987
7,5,59,148774.606695652,1.03282892828485
7,5,60,161289.053282609,1.11970721177396
7,5,61,164058.494576087,1.13893333608791
7,5,62,162040.515576087,1.12492404287476
7,5,63,181743.58998913,1.26170750130171
7,5,64,182968.841695652,1.27021349190745
7,5,65,138935.79336413,0.964525531257038
7,5,66,203993.512516304,1.4161717889148
7,5,67,133581.459972826,0.927354467316446
7,5,68,221344.23326087,1.53662464514879
7,5,69,213501.689201087,1.4821798272044
7,5,70,169309.416554348,1.17538649324805
7,5,71,171602.771945652,1.19130751527988
7,5,72,146449.637407609,1.01668843501521
7,5,73,167137.444168478,1.16030814109249
7,5,74,155913.481125,1.08238870323426
7,5,75,218507.272652174,1.51692978558811
7,5,76,164695.512695652,1.14335566834166
7,5,77,180847.36401087,1.25548568605254
7,5,78,141647.13698913,0.983348327650978
7,5,79,172844.935695652,1.19993091333927
7,5,80,221652.65538587,1.53876578536013
7,5,81,140463.444027174,0.975130847796927
7,5,82,199069.916391304,1.38199100617213
7,5,83,136145.944092391,0.945157729873425
7,5,84,138919.056086957,0.964409337072897
7,5,85,166359.437923913,1.15490703553006
7,5,86,169993.216076087,1.18013359319263
7,5,87,133109.900358696,0.924080787609255
7,5,88,156962.694706522,1.08967259504224
7,5,89,238688.289483696,1.65703123467773
7,5,90,167548.304836957,1.16316043419092
7,5,91,163432.918967391,1.13459044048334
7,5,92,136726.289391304,0.949186625841792
7,5,93,175474.710891304,1.21818744217361
7,5,94,154395.602152174,1.07185122410668
7,5,95,159732.044880435,1.10889808678237
7,5,96,186719.702576087,1.29625286589289
7,5,97,168013.833983696,1.16639224895011
7,5,98,161653.786608696,1.12223927782111
7,5,99,145598.626695652,1.01078051496682
7,5,100,142432.961597826,0.988803710168502
